folds, acc, prec, rec, f1
10,0.7149999976158142,0.637104457616806,0.6406805753707886,0.6357489883899688
-,0.7128205299377441,0.6819047927856445,0.6712146401405334,0.6546464562416077
